id,fecha,hora_inicio,hora_fin,distrito,zona_afectada,motivo,ubicacion,titulo,subestaciones,descripcion,categoria,todo_el_dia,periodicidad,datos_adjuntos,tipo_contenido,creado,modificado,creado_por,modificado_por,inicio_raw,fin_raw,inicio_iso,fin_iso,url,fuente_extraccion,hash
6081,09/10/2026,07:00,15:00,"Lluta, Majes, Santa Isabel de Siguas, de Lluta, de Majes, de Santa Isabel de Siguas","Urbanizaciones del distrito de Lluta: La Quebrada. Urbanizaciones del distrito de Majes: Apurimeños En El Distrito de Majes, Centro de Servicios E-1, Ciudad de Majes Modulo B Sector 1, Ciudad de Majes Modulo B Sector 2-3, Ciudad de Majes Modulo F, E-2, El Paraiso, Modulo E Sector 1-2, Nueva Ciudad de Majes - Modulo A, Nuevo Horizonte. Urbanizaciones del distrito de Santa Isabel de Siguas: A.H.Ocoña, Cerro Blanco, La Quebrada, Laderas, Lluclla, Ocurunga San Bacilio, Rancheria, Sondor.","Mantenimiento de redes de media tension (instalación de poste, podado de árboles).",Circuito : [9603] PITAY.,MANTENIMIENTO DE REDES.,"6273, 6281, 6282, 6283, 6284, 6285, 6286, 6287, 6233, 6234, 6226, 6267, 6265, 6274, 6272, 6262, 6263, 6259, 6271, 6257, 6258, 6249, 6288, 6300, 6321, 6000, 6322, 6323, 6324, 6325, 6326, 6327, 6328, 6329, 6330, 10226, 6332, 6333, 6334, 6335, 6336, 6337, 6338, 6339, 6340, 6341, 6436, 6495, 6466, 6467, 6492, 6468, 6464, 6485, 6463, 6462, 6491, 6490, 6465, 6474, 6475, 6473, 6472, 6469, 6483, 6508, 6504, 6499, 6496, 6509, 6505, 6500, 6497, 6510, 6506, 6501, 6498, 6511, 6513, 6502, 6503, 6512, 6507, 7628, 7817, 7843, 8881, 8841, 8902, 8970, 8971, 8972, 8522, 8523, 8524, 8525, 8526, 8963, 8962, 8515, 8516, 8517, 8518, 8514, 8840, 8641, 8670, 10048, 8759, 8762, 8760, 8761, 10276, 10288.","MANTENIMIENTO DE REDES.
VIERNES, 09 DE OCTUBRE DE 2026:
Circuito : [9603] PITAY.
Hora : 07:00 a 15:00 Hrs.
Motivo : Mantenimiento de redes de media tension (instalación de poste, podado de árboles).
Zonas afectadas: Urbanizaciones del distrito de Lluta: La Quebrada. Urbanizaciones del distrito de Majes: Apurimeños En El Distrito de Majes, Centro de Servicios E-1, Ciudad de Majes Modulo B Sector 1, Ciudad de Majes Modulo B Sector 2-3, Ciudad de Majes Modulo F, E-2, El Paraiso, Modulo E Sector 1-2, Nueva Ciudad de Majes - Modulo A, Nuevo Horizonte. Urbanizaciones del distrito de Santa Isabel de Siguas: A.H.Ocoña, Cerro Blanco, La Quebrada, Laderas, Lluclla, Ocurunga San Bacilio, Rancheria, Sondor.
Subestaciones eléctricas de distribución (SED), involucradas según zonas afectadas líneas arriba: 6273, 6281, 6282, 6283, 6284, 6285, 6286, 6287, 6233, 6234, 6226, 6267, 6265, 6274, 6272, 6262, 6263, 6259, 6271, 6257, 6258, 6249, 6288, 6300, 6321, 6000, 6322, 6323, 6324, 6325, 6326, 6327, 6328, 6329, 6330, 10226, 6332, 6333, 6334, 6335, 6336, 6337, 6338, 6339, 6340, 6341, 6436, 6495, 6466, 6467, 6492, 6468, 6464, 6485, 6463, 6462, 6491, 6490, 6465, 6474, 6475, 6473, 6472, 6469, 6483, 6508, 6504, 6499, 6496, 6509, 6505, 6500, 6497, 6510, 6506, 6501, 6498, 6511, 6513, 6502, 6503, 6512, 6507, 7628, 7817, 7843, 8881, 8841, 8902, 8970, 8971, 8972, 8522, 8523, 8524, 8525, 8526, 8963, 8962, 8515, 8516, 8517, 8518, 8514, 8840, 8641, 8670, 10048, 8759, 8762, 8760, 8761, 10276, 10288.",,,,,Evento,el 07/10/2026 8:05 por Cuenta del sistema,07/10/2026 8:05,Cuenta del sistema,Cuenta del sistema,09/10/2026 7:00,09/10/2026 15:00,2026-10-09T07:00:00,2026-10-09T15:00:00,https://www.seal.com.pe/clientes/Lists/Calendario/DispForm.aspx?ID=6081&Source=https%3A%2F%2Fwww.seal.com.pe%2Fclientes%2FSitePages%2FCortes.aspx,DISPFORM_REQUESTS,04f0cb84a7e359e09cc1b9347816cdfb2f999ec37bc0e22bd20f9a0fe65f7ab2
6080,09/10/2026,07:30,15:30,"Samuel Pastor, de Samuel Pastor",Urbanizaciones del distrito de Samuel Pastor: San Benito de Palermo.,Cambio de poste y conductor de media tensión.,Circuito : San Gregorio desde BC - 200128.,MANTENIMIENTO DE REDES.,"9052, 9051, 9094, 9195.","MANTENIMIENTO DE REDES.
VIERNES, 09 DE OCTUBRE DE 2026:
Circuito : San Gregorio desde BC - 200128.
Hora : 07:30 a 15:30 Hrs.
Motivo : Cambio de poste y conductor de media tensión.
Zonas afectadas: Urbanizaciones del distrito de Samuel Pastor: San Benito de Palermo.
Subestaciones eléctricas de distribución (SED), involucradas según zonas afectadas líneas arriba: 9052, 9051, 9094, 9195.",,,,,Evento,el 07/10/2026 8:04 por Cuenta del sistema,07/10/2026 8:04,Cuenta del sistema,Cuenta del sistema,09/10/2026 7:30,09/10/2026 15:30,2026-10-09T07:30:00,2026-10-09T15:30:00,https://www.seal.com.pe/clientes/Lists/Calendario/DispForm.aspx?ID=6080&Source=https%3A%2F%2Fwww.seal.com.pe%2Fclientes%2FSitePages%2FCortes.aspx,DISPFORM_REQUESTS,78c6760e7d182d05c9c1f442159496e3a468413cfa58d5a8de18e78c89c70561
6082,09/10/2026,07:30,13:30,Samuel Pastor,Mz. A-B-C-I de la Zona A de Urb. El Carmen (Distrito Samuel Pastor).,Montaje y desmontaje de la subestación.,Circuito : SED 9049.,MANTENIMIENTO DE REDES.,,"MANTENIMIENTO DE REDES.
SÁBADO, 10 DE OCTUBRE DE 2026.
Circuito : SED 9049.
Hora : 07:30 a 13:30 Hrs.
Motivo : Montaje y desmontaje de la subestación.
Zonas afectadas: Mz. A-B-C-I de la Zona A de Urb. El Carmen (Distrito Samuel Pastor).",,,,,Evento,el 07/10/2026 8:06 por Cuenta del sistema,07/10/2026 8:06,Cuenta del sistema,Cuenta del sistema,09/10/2026 7:30,09/10/2026 13:30,2026-10-09T07:30:00,2026-10-09T13:30:00,https://www.seal.com.pe/clientes/Lists/Calendario/DispForm.aspx?ID=6082&Source=https%3A%2F%2Fwww.seal.com.pe%2Fclientes%2FSitePages%2FCortes.aspx,DISPFORM_REQUESTS,a79a3a615f6a5637a1b78e51d774f8cb57ebf8c2141038ebae8050fc1c09e00f
6079,09/10/2026,08:00,14:00,"Cerro Colorado, de Cerro Colorado","Urbanizaciones del distrito de Cerro Colorado: Apgv La Estrella del Cural, Crucero La Estrella 1, Irrigacion El Cural Lateral 6-8.",Mantenimiento de las redes de media tensión.,Circuito : Sosa Ruiz desde BC - 070213.,MANTENIMIENTO DE REDES.,"1382, 1870, 4376, 10332, 3837, 1815, 5019, 2133, 3926, 4281, 4439, 5605, 4960, 4767, 5527, 5528, 5529, 5530, 3346, 5807, 5911.","MANTENIMIENTO DE REDES.
VIERNES, 09 DE OCTUBRE DE 2026:
Circuito : Sosa Ruiz desde BC - 070213.
Hora : 08:00 a 14:00 Hrs.
Motivo : Mantenimiento de las redes de media tensión.
Zonas afectadas: Urbanizaciones del distrito de Cerro Colorado: Apgv La Estrella del Cural, Crucero La Estrella 1, Irrigacion El Cural Lateral 6-8.
Subestaciones eléctricas de distribución (SED), involucradas según zonas afectadas líneas arriba: 1382, 1870, 4376, 10332, 3837, 1815, 5019, 2133, 3926, 4281, 4439, 5605, 4960, 4767, 5527, 5528, 5529, 5530, 3346, 5807, 5911.",,,,,Evento,el 07/10/2026 8:04 por Cuenta del sistema,07/10/2026 8:04,Cuenta del sistema,Cuenta del sistema,09/10/2026 8:00,09/10/2026 14:00,2026-10-09T08:00:00,2026-10-09T14:00:00,https://www.seal.com.pe/clientes/Lists/Calendario/DispForm.aspx?ID=6079&Source=https%3A%2F%2Fwww.seal.com.pe%2Fclientes%2FSitePages%2FCortes.aspx,DISPFORM_REQUESTS,555a30525a9ac5c237f663fa9d6a20f7d4e220347a2bdefa41bae1bd5bd7b199
6084,11/10/2026,07:00,15:00,"Alca, Huaynacotas, Puyca, Cotahuasi, Pampamarca, Tomepampa, de Alca, de Huaynacotas, de Puyca, de Cotahuasi, de Pampamarca, de Tomepampa","Urbanizaciones del Distrito de Alca: Alca, Ayahuasi, Cahuana, Huillac, Ticnay, La Lucha, Yumasca, Urbanizaciones Distrito de Huaynacotas: Anatabamba, Chincayllapa, Huacay, Piramarca, Sarasara, Tarhuara, Yurac, Anexo Chaclla, Huaynacotas, Luicho Chico, Luicho Grande, Taurisma, Visve, Urbanizaciones Distrito de Puyca: Ccalla, Churca, Cuspa, Huactapa, Lauripampa, Maghuanca, Meclla, Petcce, Puica, Sayparara, Sayroso, Soncco, Suni, Urbanizaciones del distrito de Cotahuasi: Acobamba, Ccanchapata 2, Cuno Cuno, Villa Chacaylla. Urbanizaciones del distrito de Pampamarca: Cochapampa, Mungui, Pampamarca, Rumihuasi, Santa Rosa, Sencsincaylla, Tecca. Urbanizaciones del distrito de Tomepampa: Achambi, Huayhuanca, Locrahuanca, Tomepampa.","Mantenimiento de redes de media tensión (tendido de línea de guarda, cambio de postes, podado de árboles).",SET : [70] COTAHUASI.,MANTENIMIENTO DE REDES.,"7282, 7280, 7303, 7304, 7307, 7311, 7281, 7316, 7315, 7313, 7314, 7312, 7305, 7306, 7310, 7731, 7732, 7730, 7729, 7734, 7735, 7746, 7747, 7727, 7725, 7726, 7724, 8644, 9423, 10286, 7308, 7309, 7733, 7728, 7292, 7291, 7290, 7289, 7288, 7285, 7284, 7283, 7297, 7320, 7317, 7318, 7319, 7296, 7295, 7294, 7293, 7287, 7286, 7336, 7332, 7321, 7302, 7322, 7338, 7343, 7752, 7749, 7750, 7751, 7719, 7972, 9795, 9358, 9360, 9359, 9365, 9395, 10173.","MANTENIMIENTO DE REDES.
DOMINGO, 11 DE OCTUBRE DE 2026:
SET : [70] COTAHUASI.
Hora : 07:00 a 15:00 Hrs.
Motivo : Mantenimiento de redes de media tensión (tendido de línea de guarda, cambio de postes, podado de árboles).
Zonas afectadas: Urbanizaciones del Distrito de Alca: Alca, Ayahuasi, Cahuana, Huillac, Ticnay, La Lucha, Yumasca, Urbanizaciones Distrito de Huaynacotas: Anatabamba, Chincayllapa, Huacay, Piramarca, Sarasara, Tarhuara, Yurac, Anexo Chaclla, Huaynacotas, Luicho Chico, Luicho Grande, Taurisma, Visve, Urbanizaciones Distrito de Puyca: Ccalla, Churca, Cuspa, Huactapa, Lauripampa, Maghuanca, Meclla, Petcce, Puica, Sayparara, Sayroso, Soncco, Suni, Urbanizaciones del distrito de Cotahuasi: Acobamba, Ccanchapata 2, Cuno Cuno, Villa Chacaylla. Urbanizaciones del distrito de Pampamarca: Cochapampa, Mungui, Pampamarca, Rumihuasi, Santa Rosa, Sencsincaylla, Tecca. Urbanizaciones del distrito de Tomepampa: Achambi, Huayhuanca, Locrahuanca, Tomepampa.
Subestaciones eléctricas de distribución (SED), involucradas según zonas afectadas líneas arriba: 7282, 7280, 7303, 7304, 7307, 7311, 7281, 7316, 7315, 7313, 7314, 7312, 7305, 7306, 7310, 7731, 7732, 7730, 7729, 7734, 7735, 7746, 7747, 7727, 7725, 7726, 7724, 8644, 9423, 10286, 7308, 7309, 7733, 7728, 7292, 7291, 7290, 7289, 7288, 7285, 7284, 7283, 7297, 7320, 7317, 7318, 7319, 7296, 7295, 7294, 7293, 7287, 7286, 7336, 7332, 7321, 7302, 7322, 7338, 7343, 7752, 7749, 7750, 7751, 7719, 7972, 9795, 9358, 9360, 9359, 9365, 9395, 10173.",,,,,Evento,el 07/10/2026 17:07 por Cuenta del sistema,07/10/2026 17:07,Cuenta del sistema,Cuenta del sistema,11/10/2026 7:00,11/10/2026 15:00,2026-10-11T07:00:00,2026-10-11T15:00:00,https://www.seal.com.pe/clientes/Lists/Calendario/DispForm.aspx?ID=6084&Source=https%3A%2F%2Fwww.seal.com.pe%2Fclientes%2FSitePages%2FCortes.aspx,DISPFORM_REQUESTS,8dfb11ba0ae371cc9c70ca1ad2114367e6a1d6fc29fd3617616f5f3051439881
6083,11/10/2026,08:00,16:00,"Cayma, Cerro Colorado, Yanahuara, de Cayma, de Cerro Colorado, de Yanahuara","Urbanizaciones del distrito de Cayma: Leon XIII, Los Sauces. Urbanizaciones del distrito de Cerro Colorado: 12 de Octubre, Cerrito Los Alvarez, Cerro Colorado (Pueblo Viejo), Santa Rosa de Lima, Villa El Sol. Urbanizaciones del distrito de Yanahuara: Buena Vista, Cooperativa Entel Peru, Entel Peru, Independencia Americana, Juan Xxiii, Las Casuarinas, Las Condes, Las Orquideas, Los Cedros, Los Gladiolos, Magisterial III, Piedra Santa I, Piedra Santa II, Primavera, Quinta La Estancia, Quinta Los Gladiolos, Quinta Residencial Texao, Residencial El Chullo, San Rafael, Santa Beatriz, Santa Cecilia, Valencia, Victor Andres Belaunde, Yanahuara.",Mantenimiento del transformador de potencia y línea de transmisión.,LÍNEA : [L-3063] CHALLAPAMPA-REAL PLAZA. SET : [16] REAL PLAZA.,MANTENIMIENTO DE REDES.,"1228, 2624, 2351, 2315, 2318, 2303, 1257, 2666, 1222, 3543, 2443, 2442, 2304, 2471, 4235, 5068, 5717, 2312, 10144, 4465, 4548, 4549, 4550, 1732, 2116, 1230, 2995, 2598, 1238, 1430, 2344, 1842, 1237, 1355, 1219, 1669, 2350, 1572, 1853, 1508, 2345, 4662, 5005, 5260, 4952, 5236, 5666, 2157, 5119, 5106, 5339, 5054, 5070, 3954, 1529, 2623, 3432, 2758, 3845, 3880, 2308, 2306, 2302, 2721, 1633, 3834, 2715, 1455, 1229, 2759, 2760, 2649, 1646, 4328, 4630, 5168, 5349, 5718, 5844, 4211, 5940, 10240, 10324, 10266, 10243.","MANTENIMIENTO DE REDES.
DOMINGO, 11 DE OCTUBRE DE 2026:
LÍNEA : [L-3063] CHALLAPAMPA-REAL PLAZA.
SET : [16] REAL PLAZA.
Hora : 08:00 a 16:00 Hrs.
Motivo : Mantenimiento del transformador de potencia y línea de transmisión.
Zonas afectadas: Urbanizaciones del distrito de Cayma: Leon XIII, Los Sauces. Urbanizaciones del distrito de Cerro Colorado: 12 de Octubre, Cerrito Los Alvarez, Cerro Colorado (Pueblo Viejo), Santa Rosa de Lima, Villa El Sol. Urbanizaciones del distrito de Yanahuara: Buena Vista, Cooperativa Entel Peru, Entel Peru, Independencia Americana, Juan Xxiii, Las Casuarinas, Las Condes, Las Orquideas, Los Cedros, Los Gladiolos, Magisterial III, Piedra Santa I, Piedra Santa II, Primavera, Quinta La Estancia, Quinta Los Gladiolos, Quinta Residencial Texao, Residencial El Chullo, San Rafael, Santa Beatriz, Santa Cecilia, Valencia, Victor Andres Belaunde, Yanahuara.
Subestaciones eléctricas de distribución (SED), involucradas según zonas afectadas líneas arriba: 1228, 2624, 2351, 2315, 2318, 2303, 1257, 2666, 1222, 3543, 2443, 2442, 2304, 2471, 4235, 5068, 5717, 2312, 10144, 4465, 4548, 4549, 4550, 1732, 2116, 1230, 2995, 2598, 1238, 1430, 2344, 1842, 1237, 1355, 1219, 1669, 2350, 1572, 1853, 1508, 2345, 4662, 5005, 5260, 4952, 5236, 5666, 2157, 5119, 5106, 5339, 5054, 5070, 3954, 1529, 2623, 3432, 2758, 3845, 3880, 2308, 2306, 2302, 2721, 1633, 3834, 2715, 1455, 1229, 2759, 2760, 2649, 1646, 4328, 4630, 5168, 5349, 5718, 5844, 4211, 5940, 10240, 10324, 10266, 10243.",,,,,Evento,el 07/10/2026 8:06 por Cuenta del sistema,07/10/2026 8:06,Cuenta del sistema,Cuenta del sistema,11/10/2026 8:00,11/10/2026 16:00,2026-10-11T08:00:00,2026-10-11T16:00:00,https://www.seal.com.pe/clientes/Lists/Calendario/DispForm.aspx?ID=6083&Source=https%3A%2F%2Fwww.seal.com.pe%2Fclientes%2FSitePages%2FCortes.aspx,DISPFORM_REQUESTS,63e296eec8181a1ed49a476fbba4f36c1912287ae2555440e7772b38a0349803
6085,12/10/2026,08:00,11:00,"Jacobo Hunter, Socabaya, de Jacobo Hunter, de Socabaya","Urbanizaciones del distrito de Jacobo Hunter: La Estancia, Villa Florida, Villa Salaverry, Villa Sevilla. Urbanizaciones del distrito de Socabaya: Cerro Salaverry.","OBRA “Ampliación de redes de distribución primaria, secundaria y alumbrado público en 07 localidades ubicadas entre las provincias de Camaná, Caylloma y Arequipa dentro de la región de Arequipa”.",Circuito : Las Peñas desde BC - 041005.,REFORZAMIENTO DE REDES.,"2326, 3098, 5624, 1322, 3097, 1708, 1710, 4878, 3286, 3282, 5704, 2460.","REFORZAMIENTO DE REDES.
LUNES, 12 DE OCTUBRE DE 2026:
Circuito : Las Peñas desde BC - 041005.
Hora : 08:00 a 11:00 Hrs.
Motivo :OBRA “Ampliación de redes de distribución primaria, secundaria y alumbrado público en 07 localidades ubicadas entre las provincias de Camaná, Caylloma y Arequipa dentro de la región de Arequipa”.
Zonas afectadas: Urbanizaciones del distrito de Jacobo Hunter: La Estancia, Villa Florida, Villa Salaverry, Villa Sevilla. Urbanizaciones del distrito de Socabaya: Cerro Salaverry.
Subestaciones eléctricas de distribución (SED), involucradas según zonas afectadas líneas arriba: 2326, 3098, 5624, 1322, 3097, 1708, 1710, 4878, 3286, 3282, 5704, 2460.",,,,,Evento,el 10/10/2026 10:12 por Cuenta del sistema,10/10/2026 10:12,Cuenta del sistema,Cuenta del sistema,12/10/2026 8:00,12/10/2026 11:00,2026-10-12T08:00:00,2026-10-12T11:00:00,https://www.seal.com.pe/clientes/Lists/Calendario/DispForm.aspx?ID=6085&Source=https%3A%2F%2Fwww.seal.com.pe%2Fclientes%2FSitePages%2FCortes.aspx,DISPFORM_REQUESTS,93aeb9099bf00df50fc4e3dafa1828fc9925ebce020fa73f7a6168a1a322e1db
6086,12/10/2026,08:00,15:00,,"Urbanizaciones de Alto Selva Alegre: El Gran Chaparral, El Mirador Primera Etapa, El Mirador Segunda Etapa, Huarangal, Independencia Zona A, Independencia Zona B, Lealtad Democratica, Los Angeles del Misti, Tres Balcones del Misti, Villa Asuncion, Villa Chachas, Villa Esperanza, Villa Independiente Zona A, Villa San Pablo.","Ampliación de redes de distribución primaria, secundaria y alumbrado público en 07 localidades ubicadas entre las provincias de Camaná, Caylloma y Arequipa dentro de la región de Arequipa.",Circuito : [902] MARIATEGUI.,REFORZAMIENTO DE REDES,"2406, 3896, 1768, 3440, 1901, 3229, 3439, 1538, 1718, 2405, 3466, 3465, 3686, 4000, 4102, 4103, 4104, 4105, 4301, 4459, 4414, 4504, 4505, 4937, 4918, 5051, 5428, 5657, 5679, 5811, 5942, 10020, 10021, 2407, 5464, 10377.","REFORZAMIENTO DE REDES.
LUNES, 12 DE OCTUBRE DE 2026:
Circuito : [902] MARIATEGUI.
Hora : 08:00 a 15:00 Hrs.
Motivo : Ampliación de redes de distribución primaria, secundaria y alumbrado público en 07 localidades ubicadas entre las provincias de Camaná, Caylloma y Arequipa dentro de la región de Arequipa.
Zonas afectadas: Urbanizaciones de Alto Selva Alegre: El Gran Chaparral, El Mirador Primera Etapa, El Mirador Segunda Etapa, Huarangal, Independencia Zona A, Independencia Zona B, Lealtad Democratica, Los Angeles del Misti, Tres Balcones del Misti, Villa Asuncion, Villa Chachas, Villa Esperanza, Villa Independiente Zona A, Villa San Pablo.
Subestaciones eléctricas de distribución (SED), involucradas según zonas afectadas líneas arriba: 2406, 3896, 1768, 3440, 1901, 3229, 3439, 1538, 1718, 2405, 3466, 3465, 3686, 4000, 4102, 4103, 4104, 4105, 4301, 4459, 4414, 4504, 4505, 4937, 4918, 5051, 5428, 5657, 5679, 5811, 5942, 10020, 10021, 2407, 5464, 10377.",,,,,Evento,el 10/10/2026 10:18 por Cuenta del sistema,10/10/2026 10:18,Cuenta del sistema,Cuenta del sistema,12/10/2026 8:00,12/10/2026 15:00,2026-10-12T08:00:00,2026-10-12T15:00:00,https://www.seal.com.pe/clientes/Lists/Calendario/DispForm.aspx?ID=6086&Source=https%3A%2F%2Fwww.seal.com.pe%2Fclientes%2FSitePages%2FCortes.aspx,DISPFORM_REQUESTS,7cdab1fda98c03eaff37e6daef91cd3071ee608811c03c7bbeb4cd41813fd757
6087,12/10/2026,08:00,11:00,"Jacobo Hunter, Socabaya, de Jacobo Hunter, de Socabaya","Urbanizaciones del distrito de Jacobo Hunter: La Estancia, Villa Florida, Villa Salaverry, Villa Sevilla. Urbanizaciones del distrito de Socabaya: Cerro Salaverry.","Ampliación de redes de distribución primaria, secundaria y alumbrado público en 07 localidades ubicadas entre las provincias de Camaná, Caylloma y Arequipa dentro de la región de Arequipa.",Circuito : Las Peñas desde BC - 041005.,REFORZAMIENTO DE REDES.,"2326, 3098, 5624, 1322, 3097, 1708, 1710, 4878, 3286, 3282, 5704, 2460.","REFORZAMIENTO DE REDES.
LUNES, 12 DE OCTUBRE DE 2026:
Circuito : Las Peñas desde BC - 041005.
Hora : 08:00 a 11:00 Hrs.
Motivo : Ampliación de redes de distribución primaria, secundaria y alumbrado público en 07 localidades ubicadas entre las provincias de Camaná, Caylloma y Arequipa dentro de la región de Arequipa.
Zonas afectadas: Urbanizaciones del distrito de Jacobo Hunter: La Estancia, Villa Florida, Villa Salaverry, Villa Sevilla. Urbanizaciones del distrito de Socabaya: Cerro Salaverry.
Subestaciones eléctricas de distribución (SED), involucradas según zonas afectadas líneas arriba: 2326, 3098, 5624, 1322, 3097, 1708, 1710, 4878, 3286, 3282, 5704, 2460.",,,,,Evento,el 10/10/2026 10:19 por Cuenta del sistema,10/10/2026 10:19,Cuenta del sistema,Cuenta del sistema,12/10/2026 8:00,12/10/2026 11:00,2026-10-12T08:00:00,2026-10-12T11:00:00,https://www.seal.com.pe/clientes/Lists/Calendario/DispForm.aspx?ID=6087&Source=https%3A%2F%2Fwww.seal.com.pe%2Fclientes%2FSitePages%2FCortes.aspx,DISPFORM_REQUESTS,d8e445333dd49610c476c39194109e886c566d844f9c4e2a79e34825cee0264d
6090,13/10/2026,07:00,15:00,"Charcana, Cotahuasi, Pampamarca, Quechualla, Toro, de Charcana, de Cotahuasi, de Pampamarca, de Quechualla, de Toro","Urbanizaciones del distrito de Charcana: Andamarca, Ayapallpa, Charcana. Urbanizaciones del distrito de Cotahuasi: Ancaro. Urbanizaciones del distrito de Pampamarca: Lancaroya. Urbanizaciones del distrito de Quechualla: Allancay, Chaupo, Picha, Quechualla, Sancay, Velinga. Urbanizaciones del distrito de Toro: Caspi, Cupe, Huachuy, Llallihua, Shiringay, Toro.",Mantenimiento de redes en media tensión y podado de árboles.,Circuito : Cotahuasi desde REC - 700116.,MANTENIMIENTO DE REDES,"7329, 7331, 7328, 7327, 7330, 7341, 7339, 7344, 7644, 7737, 7740, 7741, 7743, 7742, 7745, 7739, 7744, 7738, 7736, 7345, 7340, 9403.","MANTENIMIENTO DE REDES.
MARTES, 13 DE OCTUBRE DE 2026:
Circuito : Cotahuasi desde REC - 700116.
Hora : 07:00 a 15:00 Hrs.
Motivo : Mantenimiento de redes en media tensión y podado de árboles.
Zonas afectadas: Urbanizaciones del distrito de Charcana: Andamarca, Ayapallpa, Charcana. Urbanizaciones del distrito de Cotahuasi: Ancaro. Urbanizaciones del distrito de Pampamarca: Lancaroya. Urbanizaciones del distrito de Quechualla: Allancay, Chaupo, Picha, Quechualla, Sancay, Velinga. Urbanizaciones del distrito de Toro: Caspi, Cupe, Huachuy, Llallihua, Shiringay, Toro.
Subestaciones eléctricas de distribución (SED), involucradas según zonas afectadas líneas arriba: 7329, 7331, 7328, 7327, 7330, 7341, 7339, 7344, 7644, 7737, 7740, 7741, 7743, 7742, 7745, 7739, 7744, 7738, 7736, 7345, 7340, 9403.",,,,,Evento,el 10/10/2026 10:22 por Cuenta del sistema,10/10/2026 10:22,Cuenta del sistema,Cuenta del sistema,13/10/2026 7:00,13/10/2026 15:00,2026-10-13T07:00:00,2026-10-13T15:00:00,https://www.seal.com.pe/clientes/Lists/Calendario/DispForm.aspx?ID=6090&Source=https%3A%2F%2Fwww.seal.com.pe%2Fclientes%2FSitePages%2FCortes.aspx,DISPFORM_REQUESTS,c7300499568653ea83ef97c3f138d3e2f90811cec798fbcea0233919dbc27156
6088,13/10/2026,08:00,14:00,"Cerro Colorado, de Cerro Colorado",Urbanizaciones del distrito de Cerro Colorado: Rio Seco.,Mantenimiento de las redes de media tensión.,Circuito : Rio Seco desde REC - 200545.,MANTENIMIENTO DE REDES.,"5814, 1492, 2670, 2687, 3383, 1897, 4972, 1978, 2642, 5326, 1386, 2641, 2226, 4303, 4304, 4899, 5342, 5344, 5343, 5392, 2643, 10213, 10285.","MANTENIMIENTO DE REDES.
MARTES, 13 DE OCTUBRE DE 2026:
Circuito : Rio Seco desde REC - 200545.
Hora : 08:00 a 14:00 Hrs.
Motivo : Mantenimiento de las redes de media tensión.
Zonas afectadas: Urbanizaciones del distrito de Cerro Colorado: Rio Seco.
Subestaciones eléctricas de distribución (SED), involucradas según zonas afectadas líneas arriba: 5814, 1492, 2670, 2687, 3383, 1897, 4972, 1978, 2642, 5326, 1386, 2641, 2226, 4303, 4304, 4899, 5342, 5344, 5343, 5392, 2643, 10213, 10285.",,,,,Evento,el 10/10/2026 10:20 por Cuenta del sistema,10/10/2026 10:20,Cuenta del sistema,Cuenta del sistema,13/10/2026 8:00,13/10/2026 14:00,2026-10-13T08:00:00,2026-10-13T14:00:00,https://www.seal.com.pe/clientes/Lists/Calendario/DispForm.aspx?ID=6088&Source=https%3A%2F%2Fwww.seal.com.pe%2Fclientes%2FSitePages%2FCortes.aspx,DISPFORM_REQUESTS,6cdb92bcdf5030516a8c10f5e65ad2a40d47e0dd11e99aa33b23e63ea48cb808
6089,13/10/2026,08:00,11:00,"Alto Selva Alegre, Mariano Melgar, Miraflores, de Alto Selva Alegre, de Mariano Melgar, de Miraflores","Urbanizaciones del distrito de Alto Selva Alegre: Asociacion de Granjeros San Lazaro y Pequeños Industriales, Bella Esperanza, Bella Esperanza Ampliacion Zona A y B, Javier Heraud, Prog Municipal de Pequeña Industria. Urbanizaciones del distrito de Mariano Melgar: A. H. Berlin II, A.H. Berlin, El Mirador Zona I, El Mirador Zona II, El Mirador Zona III, Pequeños Talleres Sr. de Los Milagros Zona IV, Pueblo Libre, San Francisco de Asis. Urbanizaciones del distrito de Miraflores: C. Granja Viv. San Lazaro Zona A, Los Girasoles II, Los Girasoles Zona B, Nuevo Amanecer, San Francisco de Asis.","Ampliación de redes de distribución primaria, secundaria y alumbrado público en 07 localidades ubicadas entre las provincias de Camaná, Caylloma y Arequipa dentro de la región de Arequipa.",Circuito : [904] GALAXIA.,REFORZAMIENTO DE REDES.,"3758, 1182, 2587, 3354, 3375, 3376, 3643, 3630, 2588, 4050, 4413, 4530, 4566, 4840, 4771, 4770, 4772, 5092, 5091, 5173, 5525, 5526, 5550, 3642, 3641, 4049, 10340.","REFORZAMIENTO DE REDES.
MARTES, 13 DE OCTUBRE DE 2026:
Circuito : [904] GALAXIA.
Hora : 08:00 a 11:00 Hrs.
Motivo : Ampliación de redes de distribución primaria, secundaria y alumbrado público en 07 localidades ubicadas entre las provincias de Camaná, Caylloma y Arequipa dentro de la región de Arequipa.
Zonas afectadas: Urbanizaciones del distrito de Alto Selva Alegre: Asociacion de Granjeros San Lazaro y Pequeños Industriales, Bella Esperanza, Bella Esperanza Ampliacion Zona A y B, Javier Heraud, Prog Municipal de Pequeña Industria. Urbanizaciones del distrito de Mariano Melgar: A. H. Berlin II, A.H. Berlin, El Mirador Zona I, El Mirador Zona II, El Mirador Zona III, Pequeños Talleres Sr. de Los Milagros Zona IV, Pueblo Libre, San Francisco de Asis. Urbanizaciones del distrito de Miraflores: C. Granja Viv. San Lazaro Zona A, Los Girasoles II, Los Girasoles Zona B, Nuevo Amanecer, San Francisco de Asis.
Subestaciones eléctricas de distribución (SED), involucradas según zonas afectadas líneas arriba: 3758, 1182, 2587, 3354, 3375, 3376, 3643, 3630, 2588, 4050, 4413, 4530, 4566, 4840, 4771, 4770, 4772, 5092, 5091, 5173, 5525, 5526, 5550, 3642, 3641, 4049, 10340.",,,,,Evento,el 10/10/2026 10:21 por Cuenta del sistema,10/10/2026 10:21,Cuenta del sistema,Cuenta del sistema,13/10/2026 8:00,13/10/2026 11:00,2026-10-13T08:00:00,2026-10-13T11:00:00,https://www.seal.com.pe/clientes/Lists/Calendario/DispForm.aspx?ID=6089&Source=https%3A%2F%2Fwww.seal.com.pe%2Fclientes%2FSitePages%2FCortes.aspx,DISPFORM_REQUESTS,4539b96c125e9e89ba59a1ce7ee5a0b8bb320da223f71c1efb1ad5f6ba3bdd86
6091,14/10/2026,07:30,15:30,"Mariscal Cáceres, de Mariscal Cáceres","Urbanizaciones del distrito de Mariscal Cáceres: A.H. Jahuay, San Isidro, Santa Elizabeth, Villa Hermosa.","Mantenimiento de redes de media tensión (cambio de postes, cambio de transformador, subsanación de deficiencias).",Circuito : Jahuay desde REC - 200452.,MANTENIMIENTO DE REDES.,"9269, 9268, 5271, 9327, 9321, 9324, 9215, 9335, 9211, 9345, 9378, 9280, 9384, 9392, 9405, 9237, 9236, 9235, 9248, 9247, 9203, 9202, 10281, 10291.","MANTENIMIENTO DE REDES.
MIÉRCOLES, 14 DE OCTUBRE DE 2026:
Circuito : Jahuay desde REC - 200452.
Hora : 07:30 a 15:30 Hrs.
Motivo : Mantenimiento de redes de media tensión (cambio de postes, cambio de transformador, subsanación de deficiencias).
Zonas afectadas: Urbanizaciones del distrito de Mariscal Cáceres: A.H. Jahuay, San Isidro, Santa Elizabeth, Villa Hermosa.
Subestaciones eléctricas de distribución (SED), involucradas según zonas afectadas líneas arriba: 9269, 9268, 5271, 9327, 9321, 9324, 9215, 9335, 9211, 9345, 9378, 9280, 9384, 9392, 9405, 9237, 9236, 9235, 9248, 9247, 9203, 9202, 10281, 10291.",,,,,Evento,el 10/10/2026 10:22 por Cuenta del sistema,10/10/2026 10:22,Cuenta del sistema,Cuenta del sistema,14/10/2026 7:30,14/10/2026 15:30,2026-10-14T07:30:00,2026-10-14T15:30:00,https://www.seal.com.pe/clientes/Lists/Calendario/DispForm.aspx?ID=6091&Source=https%3A%2F%2Fwww.seal.com.pe%2Fclientes%2FSitePages%2FCortes.aspx,DISPFORM_REQUESTS,e8e089a45c564c215e5ce159a5160514036d8128d64cb76a795b193def579a8c
6094,14/10/2026,07:30,14:30,"Cocachacra, de Cocachacra","Urbanizaciones del Distrito de Cocachacra: Anexo El Carrizal, Anexo El Dique, Anexo Quelgua Grande, Ayanquera, Caraquen, Chucarapi, Desamparados, El Fiscal, El Toro, La Pascana, Pampa Blanca, Portal del Valle.",Cambio de armado en EAT43 y EAT 44 por DMS.,LÍNEAS : [L-3038C] Cocachacra - Chucarapi. SET : [38] CHUCARAPI,MANTENIMIENTO DE REDES.,"8215, 8658, 8657, 8217, 8223, 8221, 8218, 8219, 8258, 8264, 8283, 8276, 8222, 8246, 8216, 8277, 8263, 8303, 8304, 8305, 8318, 8319, 8320, 8312, 8313, 8314, 8315, 8316, 8317, 8324, 8339, 8340, 8306, 8370, 8372, 8378, 8389, 8436, 8508, 8542, 8598, 8618, 8512, 8737, 8224, 8513.","MANTENIMIENTO DE REDES.
MIÉRCOLES, 14 DE OCTUBRE DE 2026:
LÍNEAS : [L-3038C] Cocachacra - Chucarapi.
SET : [38] CHUCARAPI
Hora : 07:30 a 14:30 Hrs.
Motivo : Cambio de armado en EAT43 y EAT 44 por DMS.
Zonas : Urbanizaciones del Distrito de Cocachacra: Anexo El Carrizal, Anexo El Dique, Anexo Quelgua Grande, Ayanquera, Caraquen, Chucarapi, Desamparados, El Fiscal, El Toro, La Pascana, Pampa Blanca, Portal del Valle.
Subestaciones eléctricas de distribución (SED), involucradas según zonas afectadas líneas arriba: 8215, 8658, 8657, 8217, 8223, 8221, 8218, 8219, 8258, 8264, 8283, 8276, 8222, 8246, 8216, 8277, 8263, 8303, 8304, 8305, 8318, 8319, 8320, 8312, 8313, 8314, 8315, 8316, 8317, 8324, 8339, 8340, 8306, 8370, 8372, 8378, 8389, 8436, 8508, 8542, 8598, 8618, 8512, 8737, 8224, 8513.",,,,,Evento,el 10/10/2026 10:25 por Cuenta del sistema,10/10/2026 10:25,Cuenta del sistema,Cuenta del sistema,14/10/2026 7:30,14/10/2026 14:30,2026-10-14T07:30:00,2026-10-14T14:30:00,https://www.seal.com.pe/clientes/Lists/Calendario/DispForm.aspx?ID=6094&Source=https%3A%2F%2Fwww.seal.com.pe%2Fclientes%2FSitePages%2FCortes.aspx,DISPFORM_REQUESTS,f91ffedf42f44517f8a75a9e2bb091aac50a5792ea75484555e6604109b3bb58
6092,14/10/2026,08:00,16:00,"La Joya, de La Joya","Urbanizaciones del distrito de La Joya: Cerrito Buena Vista, La Joya Antigua Sector 1, La Joya Antigua Sector 3, Las Dunas, Los Girasoles de La Joya, Los Laureles, Los Milagros, Los Patriotas, Mirador La Victoria, Mirador La Victoria II, Palca, Primavera.",Mantenimiento de las redes de media tensión.,Circuito : La Joya desde REC - 200431.,MANTENIMIENTO DE REDES.,"6813, 6732, 6714, 6713, 6712, 6711, 6710, 6709, 8634, 6807, 6819, 6820, 6708, 6704, 6893, 6702, 6701, 7635, 6705, 6707, 6706, 6524, 6806, 6856, 6985, 6946, 6528, 7823, 6540, 6545, 6537, 6538, 6562, 6563, 6527, 6589, 6570, 8875, 6593, 6599, 7981, 4788, 4789, 8554, 7939, 7976, 8919, 8918, 8920, 8568, 4804, 8617, 8713, 8781, 9437.","MANTENIMIENTO DE REDES.
MIÉRCOLES, 14 DE OCTUBRE DE 2026:
Circuito : La Joya desde REC - 200431.
Hora : 08:00 a 16:00 Hrs.
Motivo : Mantenimiento de las redes de media tensión.
Zonas afectadas: Urbanizaciones del distrito de La Joya: Cerrito Buena Vista, La Joya Antigua Sector 1, La Joya Antigua Sector 3, Las Dunas, Los Girasoles de La Joya, Los Laureles, Los Milagros, Los Patriotas, Mirador La Victoria, Mirador La Victoria II, Palca, Primavera.
Subestaciones eléctricas de distribución (SED), involucradas según zonas afectadas líneas arriba: 6813, 6732, 6714, 6713, 6712, 6711, 6710, 6709, 8634, 6807, 6819, 6820, 6708, 6704, 6893, 6702, 6701, 7635, 6705, 6707, 6706, 6524, 6806, 6856, 6985, 6946, 6528, 7823, 6540, 6545, 6537, 6538, 6562, 6563, 6527, 6589, 6570, 8875, 6593, 6599, 7981, 4788, 4789, 8554, 7939, 7976, 8919, 8918, 8920, 8568, 4804, 8617, 8713, 8781, 9437.",,,,,Evento,el 10/10/2026 10:24 por Cuenta del sistema,10/10/2026 10:24,Cuenta del sistema,Cuenta del sistema,14/10/2026 8:00,14/10/2026 16:00,2026-10-14T08:00:00,2026-10-14T16:00:00,https://www.seal.com.pe/clientes/Lists/Calendario/DispForm.aspx?ID=6092&Source=https%3A%2F%2Fwww.seal.com.pe%2Fclientes%2FSitePages%2FCortes.aspx,DISPFORM_REQUESTS,effc562fdfb72abda3d56f368bc81f936fc37a15336f1235367bbdb4418692f9
6093,14/10/2026,08:00,11:00,"Yanque, de Yanque",Urbanizaciones del distrito de Yanque: Sector de Chollorota.,"Ampliación de redes de distribución primaria, secundaria y alumbrado público en 07 localidades ubicadas entre las provincias de Camaná, Caylloma y Arequipa dentro de la región de Arequipa",Circuito : Callalli 22.9 desde CC 200249.,REFORZAMIENTO DE REDES.,9377.,"REFORZAMIENTO DE REDES.
MIÉRCOLES, 14 DE OCTUBRE DE 2026:
Circuito : Callalli 22.9 desde CC 200249.
Hora : 08:00 a 11:00 Hrs.
Motivo : Ampliación de redes de distribución primaria, secundaria y alumbrado público en 07 localidades ubicadas entre las provincias de Camaná, Caylloma y Arequipa dentro de la región de Arequipa
Zonas : Urbanizaciones del distrito de Yanque: Sector de Chollorota.
Subestaciones eléctricas de distribución (SED), involucradas según zonas afectadas líneas arriba: 9377.",,,,,Evento,el 10/10/2026 10:24 por Cuenta del sistema,10/10/2026 10:24,Cuenta del sistema,Cuenta del sistema,14/10/2026 8:00,14/10/2026 11:00,2026-10-14T08:00:00,2026-10-14T11:00:00,https://www.seal.com.pe/clientes/Lists/Calendario/DispForm.aspx?ID=6093&Source=https%3A%2F%2Fwww.seal.com.pe%2Fclientes%2FSitePages%2FCortes.aspx,DISPFORM_REQUESTS,6d5de6ee46d54774b3dbf6b74a709efc389cc4f87af5c215e80a0baa714de10c
6095,15/10/2026,08:00,14:00,"Yura, de Yura","Urbanizaciones del distrito de Yura: Balneario de Yura, El Filtro, Porvenir de Yura, Pueblo de Yura, Pueblo La Estacion de Yura.",Mantenimiento de las líneas de media tensión.,Circuito : P. Yura desde REC - 080306.,MANTENIMIENTO DE REDES.,"3492, 3491, 3707, 3571, 4207, 3490, 4589, 4994.","MANTENIMIENTO DE REDES.
JUEVES, 15 DE OCTUBRE DE 2026:
Circuito : P. Yura desde REC - 080306.
Hora : 08:00 a 14:00 Hrs.
Motivo : Mantenimiento de las líneas de media tensión.
Zonas afectadas: Urbanizaciones del distrito de Yura: Balneario de Yura, El Filtro, Porvenir de Yura, Pueblo de Yura, Pueblo La Estacion de Yura.
Subestaciones eléctricas de distribución (SED), involucradas según zonas afectadas líneas arriba: 3492, 3491, 3707, 3571, 4207, 3490, 4589, 4994.",,,,,Evento,el 10/10/2026 10:26 por Cuenta del sistema,10/10/2026 10:26,Cuenta del sistema,Cuenta del sistema,15/10/2026 8:00,15/10/2026 14:00,2026-10-15T08:00:00,2026-10-15T14:00:00,https://www.seal.com.pe/clientes/Lists/Calendario/DispForm.aspx?ID=6095&Source=https%3A%2F%2Fwww.seal.com.pe%2Fclientes%2FSitePages%2FCortes.aspx,DISPFORM_REQUESTS,b636e756a03b9d83e93d2a114dd61fe27bd47566ba6e4fb0770a9c9c778944a9
